source_id,shadow_exit_time,shadow_activated,shadow_max_retrace
long:TAUSDT:2025-09-02T15:00:00+00:00,2025-09-02T15:20:00.000000+0000,false,
long:TAUSDT:2025-09-02T14:00:00+00:00,2025-09-02T17:47:00.000000+0000,true,0.60172709774749
long:JELLYJELLYUSDT:2025-09-03T17:00:00+00:00,2025-09-04T04:01:00.000000+0000,false,
long:NMRUSDT:2025-09-06T17:00:00+00:00,2025-09-07T04:01:00.000000+0000,false,
long:NMRUSDT:2025-09-06T14:00:00+00:00,2025-09-07T08:01:00.000000+0000,false,
long:NMRUSDT:2025-09-06T15:00:00+00:00,2025-09-07T08:01:00.000000+0000,false,
long:MYXUSDT:2025-09-07T17:00:00+00:00,2025-09-08T04:01:00.000000+0000,true,0.1176319176319176
long:SAPIENUSDT:2025-09-07T17:00:00+00:00,2025-09-08T04:01:00.000000+0000,false,
long:MYXUSDT:2025-09-07T14:00:00+00:00,2025-09-08T08:01:00.000000+0000,true,0.18144048615632655
long:MYXUSDT:2025-09-07T15:00:00+00:00,2025-09-08T08:01:00.000000+0000,true,0.12026809651474528
long:TAUSDT:2025-09-08T15:00:00+00:00,2025-09-08T17:14:00.000000+0000,false,
long:TAUSDT:2025-09-08T14:00:00+00:00,2025-09-08T17:17:00.000000+0000,true,0.48247384841255275
long:MYXUSDT:2025-09-08T17:00:00+00:00,2025-09-09T04:01:00.000000+0000,true,0.31774918724493323
long:MYXUSDT:2025-09-08T14:00:00+00:00,2025-09-09T08:01:00.000000+0000,true,0.31774918724493323
long:WLDUSDT:2025-09-08T14:00:00+00:00,2025-09-09T08:01:00.000000+0000,true,0.14024421660054615
long:WLDUSDT:2025-09-08T15:00:00+00:00,2025-09-09T08:01:00.000000+0000,true,0.08444877099050864
long:MYXUSDT:2025-09-08T15:00:00+00:00,2025-09-09T08:01:00.000000+0000,true,0.31774918724493323
long:HIFIUSDT:2025-09-12T17:00:00+00:00,2025-09-13T04:01:00.000000+0000,true,0.6478947368421053
long:HIFIUSDT:2025-09-12T14:00:00+00:00,2025-09-13T08:01:00.000000+0000,true,0.6478947368421053
long:ARIAUSDT:2025-09-12T14:00:00+00:00,2025-09-13T08:01:00.000000+0000,false,
long:HIFIUSDT:2025-09-12T15:00:00+00:00,2025-09-13T08:01:00.000000+0000,true,0.6478947368421053
long:SOMIUSDT:2025-09-13T17:00:00+00:00,2025-09-14T04:01:00.000000+0000,false,
long:SOMIUSDT:2025-09-13T15:00:00+00:00,2025-09-14T08:01:00.000000+0000,false,
long:SOMIUSDT:2025-09-16T15:00:00+00:00,2025-09-17T08:01:00.000000+0000,false,
long:AVNTUSDT:2025-09-17T17:00:00+00:00,2025-09-18T04:01:00.000000+0000,false,
long:MYXUSDT:2025-09-17T15:00:00+00:00,2025-09-18T08:01:00.000000+0000,false,
long:ASTERUSDT:2025-09-20T17:00:00+00:00,2025-09-21T04:01:00.000000+0000,true,0.17081612146924194
long:STBLUSDT:2025-09-20T17:00:00+00:00,2025-09-21T04:01:00.000000+0000,false,
long:STBLUSDT:2025-09-20T15:00:00+00:00,2025-09-21T08:01:00.000000+0000,true,0.17567811934900554
long:ASTERUSDT:2025-09-20T15:00:00+00:00,2025-09-21T08:01:00.000000+0000,true,0.17081612146924194
long:AVNTUSDT:2025-09-20T15:00:00+00:00,2025-09-21T08:01:00.000000+0000,true,0.12440017742650912
long:HEMIUSDT:2025-09-21T14:00:00+00:00,2025-09-22T08:01:00.000000+0000,false,
long:ASTERUSDT:2025-09-23T17:00:00+00:00,2025-09-24T04:01:00.000000+0000,false,
long:MYXUSDT:2025-09-27T14:00:00+00:00,2025-09-28T08:01:00.000000+0000,false,
long:ALPINEUSDT:2025-09-27T15:00:00+00:00,2025-09-28T08:01:00.000000+0000,false,
long:MYXUSDT:2025-09-27T15:00:00+00:00,2025-09-28T08:01:00.000000+0000,false,
long:SOMIUSDT:2025-10-01T15:00:00+00:00,2025-10-02T08:01:00.000000+0000,false,
long:CELOUSDT:2025-10-05T15:00:00+00:00,2025-10-06T08:01:00.000000+0000,false,
long:COAIUSDT:2025-10-12T17:00:00+00:00,2025-10-12T21:37:00.000000+0000,true,0.5801064859632138
long:CLOUSDT:2025-10-15T15:00:00+00:00,2025-10-16T00:06:00.000000+0000,false,
long:XPLUSDT:2025-10-15T14:00:00+00:00,2025-10-16T08:01:00.000000+0000,false,
long:HUSDT:2025-10-19T17:00:00+00:00,2025-10-20T04:01:00.000000+0000,false,
long:ZECUSDT:2025-10-20T15:00:00+00:00,2025-10-21T08:01:00.000000+0000,false,
long:MAVIAUSDT:2025-10-26T17:00:00+00:00,2025-10-27T04:01:00.000000+0000,false,
long:ZECUSDT:2025-10-26T15:00:00+00:00,2025-10-27T08:01:00.000000+0000,false,
long:ZKUSDT:2025-11-01T17:00:00+00:00,2025-11-02T04:01:00.000000+0000,false,
long:GIGGLEUSDT:2025-11-05T17:00:00+00:00,2025-11-06T04:01:00.000000+0000,true,0.26277372262773724
long:GIGGLEUSDT:2025-11-05T14:00:00+00:00,2025-11-06T08:01:00.000000+0000,true,0.26277372262773724
long:FILUSDT:2025-11-07T17:00:00+00:00,2025-11-08T04:01:00.000000+0000,true,0.26874685455460495
long:ZECUSDT:2025-11-07T15:00:00+00:00,2025-11-08T08:01:00.000000+0000,false,
long:TNSRUSDT:2025-11-19T15:00:00+00:00,2025-11-20T08:01:00.000000+0000,true,0.21399267399267408
long:ZECUSDT:2025-11-19T15:00:00+00:00,2025-11-20T08:01:00.000000+0000,false,
long:STRKUSDT:2025-11-19T15:00:00+00:00,2025-11-20T08:01:00.000000+0000,false,
long:BOBUSDT:2025-12-03T14:00:00+00:00,2025-12-04T08:01:00.000000+0000,false,
long:BOBUSDT:2025-12-03T15:00:00+00:00,2025-12-04T08:01:00.000000+0000,false,
long:LUNA2USDT:2025-12-06T17:00:00+00:00,2025-12-07T04:01:00.000000+0000,false,
long:1000LUNCUSDT:2025-12-06T15:00:00+00:00,2025-12-07T08:01:00.000000+0000,false,
long:LUNA2USDT:2025-12-09T17:00:00+00:00,2025-12-10T04:01:00.000000+0000,false,
long:PIPPINUSDT:2025-12-10T14:00:00+00:00,2025-12-11T08:01:00.000000+0000,false,
long:LUNA2USDT:2025-12-10T15:00:00+00:00,2025-12-11T08:01:00.000000+0000,false,
long:ANIMEUSDT:2025-12-20T14:00:00+00:00,2025-12-21T08:01:00.000000+0000,false,
long:FOLKSUSDT:2025-12-20T14:00:00+00:00,2025-12-21T08:01:00.000000+0000,true,0.09049409237379166
long:LIGHTUSDT:2025-12-20T15:00:00+00:00,2025-12-21T08:01:00.000000+0000,true,0.26263854129424385
long:LIGHTUSDT:2025-12-21T17:00:00+00:00,2025-12-21T20:35:00.000000+0000,false,
long:RAVEUSDT:2025-12-21T17:00:00+00:00,2025-12-22T04:01:00.000000+0000,true,0.2736959827094408
long:NIGHTUSDT:2025-12-21T17:00:00+00:00,2025-12-22T04:01:00.000000+0000,false,
long:RVVUSDT:2025-12-27T17:00:00+00:00,2025-12-28T04:01:00.000000+0000,false,
long:ONTUSDT:2025-12-27T14:00:00+00:00,2025-12-28T08:01:00.000000+0000,false,
long:RVVUSDT:2025-12-28T17:00:00+00:00,2025-12-29T04:01:00.000000+0000,false,
long:1000PEPEUSDT:2026-01-02T17:00:00+00:00,2026-01-03T04:01:00.000000+0000,false,
long:BROCCOLI714USDT:2026-01-04T17:00:00+00:00,2026-01-05T04:01:00.000000+0000,false,
long:1000BONKUSDT:2026-01-04T14:00:00+00:00,2026-01-05T08:01:00.000000+0000,false,
long:RIVERUSDT:2026-01-06T17:00:00+00:00,2026-01-07T04:01:00.000000+0000,false,
long:WIFUSDT:2026-01-06T14:00:00+00:00,2026-01-07T08:01:00.000000+0000,false,
long:RIVERUSDT:2026-01-06T14:00:00+00:00,2026-01-07T08:01:00.000000+0000,false,
long:RIVERUSDT:2026-01-06T15:00:00+00:00,2026-01-07T08:01:00.000000+0000,false,
long:IPUSDT:2026-01-13T17:00:00+00:00,2026-01-14T04:01:00.000000+0000,false,
long:IPUSDT:2026-01-13T14:00:00+00:00,2026-01-14T08:01:00.000000+0000,false,
long:IPUSDT:2026-01-13T15:00:00+00:00,2026-01-14T08:01:00.000000+0000,false,
long:RIVERUSDT:2026-01-14T17:00:00+00:00,2026-01-15T00:12:00.000000+0000,false,
long:RIVERUSDT:2026-01-14T15:00:00+00:00,2026-01-15T07:53:00.000000+0000,false,
long:DASHUSDT:2026-01-14T14:00:00+00:00,2026-01-15T08:01:00.000000+0000,false,
long:DASHUSDT:2026-01-14T15:00:00+00:00,2026-01-15T08:01:00.000000+0000,false,
long:RIVERUSDT:2026-01-21T14:00:00+00:00,2026-01-22T08:01:00.000000+0000,false,
long:SENTUSDT:2026-01-22T17:00:00+00:00,2026-01-23T04:01:00.000000+0000,false,
long:DUSKUSDT:2026-02-08T15:00:00+00:00,2026-02-09T08:01:00.000000+0000,false,
long:PIPPINUSDT:2026-02-08T15:00:00+00:00,2026-02-09T08:01:00.000000+0000,false,
long:RIVERUSDT:2026-02-10T14:00:00+00:00,2026-02-11T08:01:00.000000+0000,false,
long:POWERUSDT:2026-02-10T14:00:00+00:00,2026-02-11T08:01:00.000000+0000,false,
long:PIPPINUSDT:2026-02-10T15:00:00+00:00,2026-02-11T08:01:00.000000+0000,false,
long:ZROUSDT:2026-02-11T14:00:00+00:00,2026-02-12T08:01:00.000000+0000,false,
long:PIPPINUSDT:2026-02-13T17:00:00+00:00,2026-02-14T04:01:00.000000+0000,false,
long:SPACEUSDT:2026-02-14T17:00:00+00:00,2026-02-15T04:01:00.000000+0000,false,
long:SPACEUSDT:2026-02-14T14:00:00+00:00,2026-02-15T08:01:00.000000+0000,true,0.23516538485587446
long:PIPPINUSDT:2026-02-14T14:00:00+00:00,2026-02-15T08:01:00.000000+0000,false,
long:SPACEUSDT:2026-02-14T15:00:00+00:00,2026-02-15T08:01:00.000000+0000,true,0.23516538485587446
long:AZTECUSDT:2026-02-20T15:00:00+00:00,2026-02-21T08:01:00.000000+0000,false,
long:ENSOUSDT:2026-02-20T15:00:00+00:00,2026-02-21T08:01:00.000000+0000,false,
long:INJUSDT:2026-02-21T14:00:00+00:00,2026-02-22T08:01:00.000000+0000,false,
long:POWERUSDT:2026-02-25T17:00:00+00:00,2026-02-26T04:01:00.000000+0000,false,
long:POWERUSDT:2026-02-25T14:00:00+00:00,2026-02-26T08:01:00.000000+0000,true,0.10472558139534875
long:POWERUSDT:2026-02-25T15:00:00+00:00,2026-02-26T08:01:00.000000+0000,false,
long:POWERUSDT:2026-02-26T14:00:00+00:00,2026-02-27T08:01:00.000000+0000,false,
long:POWERUSDT:2026-02-26T15:00:00+00:00,2026-02-27T08:01:00.000000+0000,false,
long:MUSDT:2026-03-25T17:00:00+00:00,2026-03-26T04:01:00.000000+0000,false,
long:ONTUSDT:2026-03-30T17:00:00+00:00,2026-03-31T04:01:00.000000+0000,false,
long:STOUSDT:2026-04-01T17:00:00+00:00,2026-04-02T04:01:00.000000+0000,true,0.22212121212121222
long:STOUSDT:2026-04-01T14:00:00+00:00,2026-04-02T08:01:00.000000+0000,true,0.22212121212121222
long:NOMUSDT:2026-04-01T14:00:00+00:00,2026-04-02T08:01:00.000000+0000,true,0.17839054586381548
long:SIRENUSDT:2026-04-04T17:00:00+00:00,2026-04-04T21:36:00.000000+0000,true,0.27986317400306054
long:DUSDT:2026-04-04T17:00:00+00:00,2026-04-05T04:01:00.000000+0000,true,0.2703712351155732
long:SIRENUSDT:2026-04-04T14:00:00+00:00,2026-04-05T08:01:00.000000+0000,true,0.5579260059411288
long:STOUSDT:2026-04-04T14:00:00+00:00,2026-04-05T08:01:00.000000+0000,true,0.3975546498703223
long:REDUSDT:2026-04-06T15:00:00+00:00,2026-04-07T08:01:00.000000+0000,false,
long:SKYAIUSDT:2026-04-11T14:00:00+00:00,2026-04-12T08:01:00.000000+0000,false,
long:SKYAIUSDT:2026-04-11T15:00:00+00:00,2026-04-12T08:01:00.000000+0000,false,
long:ARIAUSDT:2026-04-11T15:00:00+00:00,2026-04-12T08:01:00.000000+0000,true,0.24102290889717629
long:RAVEUSDT:2026-04-12T15:00:00+00:00,2026-04-13T08:01:00.000000+0000,true,0.3052470688794898
long:RAVEUSDT:2026-04-13T17:00:00+00:00,2026-04-13T20:50:00.000000+0000,false,
long:币安人生USDT:2026-04-14T14:00:00+00:00,2026-04-15T08:01:00.000000+0000,false,
long:CHIPUSDT:2026-04-21T15:00:00+00:00,2026-04-22T08:01:00.000000+0000,true,0.08505278310940498
long:CHIPUSDT:2026-04-22T15:00:00+00:00,2026-04-23T08:01:00.000000+0000,false,
long:KATUSDT:2026-04-24T17:00:00+00:00,2026-04-25T04:01:00.000000+0000,true,0.3294232649071358
long:ZBTUSDT:2026-04-26T17:00:00+00:00,2026-04-27T04:01:00.000000+0000,false,
long:LABUSDT:2026-05-02T17:00:00+00:00,2026-05-02T18:00:00.000000+0000,false,
long:TAGUSDT:2026-05-02T17:00:00+00:00,2026-05-02T18:07:00.000000+0000,false,
long:LABUSDT:2026-05-02T15:00:00+00:00,2026-05-02T18:25:00.000000+0000,false,
long:LABUSDT:2026-05-02T14:00:00+00:00,2026-05-02T18:45:00.000000+0000,true,0.5012156295224313
long:ORDIUSDT:2026-05-02T17:00:00+00:00,2026-05-03T04:01:00.000000+0000,false,
long:SKYAIUSDT:2026-05-02T17:00:00+00:00,2026-05-03T04:01:00.000000+0000,false,
long:BIOUSDT:2026-05-02T14:00:00+00:00,2026-05-03T08:01:00.000000+0000,false,
long:BIOUSDT:2026-05-02T15:00:00+00:00,2026-05-03T08:01:00.000000+0000,false,
long:BUSDT:2026-05-02T15:00:00+00:00,2026-05-03T08:01:00.000000+0000,true,0.28716079384366144
long:TSTUSDT:2026-05-04T17:00:00+00:00,2026-05-05T04:01:00.000000+0000,false,
long:BILLUSDT:2026-05-09T14:00:00+00:00,2026-05-10T08:01:00.000000+0000,true,0.37616058585066037
long:SAHARAUSDT:2026-05-09T15:00:00+00:00,2026-05-10T08:01:00.000000+0000,false,
long:AIAUSDT:2026-05-17T15:00:00+00:00,2026-05-17T23:43:00.000000+0000,false,
long:EDENUSDT:2026-05-17T17:00:00+00:00,2026-05-18T04:01:00.000000+0000,false,
long:AIAUSDT:2026-05-17T14:00:00+00:00,2026-05-18T08:01:00.000000+0000,false,
long:EDENUSDT:2026-05-17T15:00:00+00:00,2026-05-18T08:01:00.000000+0000,false,
long:BSBUSDT:2026-05-17T15:00:00+00:00,2026-05-18T08:01:00.000000+0000,false,
long:EDENUSDT:2026-05-20T17:00:00+00:00,2026-05-21T04:01:00.000000+0000,true,0.11551226551226548
long:FIDAUSDT:2026-05-20T15:00:00+00:00,2026-05-21T08:01:00.000000+0000,false,
long:HYPEUSDT:2026-05-21T15:00:00+00:00,2026-05-22T08:01:00.000000+0000,false,
long:BEATUSDT:2026-05-22T17:00:00+00:00,2026-05-23T04:01:00.000000+0000,false,
long:NEARUSDT:2026-05-24T15:00:00+00:00,2026-05-25T08:01:00.000000+0000,false,
long:HYPEUSDT:2026-05-29T17:00:00+00:00,2026-05-30T04:01:00.000000+0000,false,
long:PORTALUSDT:2026-05-30T14:00:00+00:00,2026-05-31T08:01:00.000000+0000,true,0.33707292197858235
long:LABUSDT:2026-05-30T14:00:00+00:00,2026-05-31T08:01:00.000000+0000,false,
long:LABUSDT:2026-06-01T17:00:00+00:00,2026-06-02T04:01:00.000000+0000,false,
long:BSBUSDT:2026-06-07T17:00:00+00:00,2026-06-08T04:01:00.000000+0000,false,
long:ZECUSDT:2026-06-07T15:00:00+00:00,2026-06-08T08:01:00.000000+0000,false,
long:VELVETUSDT:2026-06-11T17:00:00+00:00,2026-06-12T04:01:00.000000+0000,true,0.2974358974358973
long:BICOUSDT:2026-06-20T17:00:00+00:00,2026-06-21T04:01:00.000000+0000,true,0.14240601503759406
long:SNDKUSDT:2026-07-09T15:00:00+00:00,2026-07-10T08:01:00.000000+0000,false,
long:DEXEUSDT:2026-07-12T14:00:00+00:00,2026-07-13T08:01:00.000000+0000,false,
long:BANKUSDT:2026-07-19T17:00:00+00:00,2026-07-20T04:01:00.000000+0000,true,0.13542055377266957
long:TLMUSDT:2026-07-19T17:00:00+00:00,2026-07-20T04:01:00.000000+0000,false,
long:BANKUSDT:2026-07-19T14:00:00+00:00,2026-07-20T08:01:00.000000+0000,true,0.16478841704604824
long:TLMUSDT:2026-07-19T15:00:00+00:00,2026-07-20T08:01:00.000000+0000,false,
long:XRPUSDT:2026-08-20T17:00:00+00:00,2026-08-21T04:01:00.000000+0000,false,
long:XRPUSDT:2026-08-20T14:00:00+00:00,2026-08-21T08:01:00.000000+0000,false,
long:PUMPUSDT:2026-08-22T14:00:00+00:00,2026-08-23T08:01:00.000000+0000,false,
long:AAVEUSDT:2026-08-23T14:00:00+00:00,2026-08-24T08:01:00.000000+0000,false,
