strategy,source,trades,win_rate,mean_trade_return,hard_stops,net_pnl
long,A,130,0.4307692307692308,0.03538228316380624,5,-827197723.0223222
long,A|C,288,0.4340277777777778,0.04899094687378842,11,296837735065.87335
long,C,212,0.4009433962264151,-0.0016108455438277086,13,-38921255044.10907
long,MAIN,1468,0.4720708446866485,0.027509979302804445,11,54501183942.705124
long,MAIN|A,15,0.5333333333333333,0.03807955263563096,0,-306251.7899463476
long,MAIN|A|C,225,0.5111111111111111,0.04454842569350593,1,3509766220.4015865
long,MAIN|C,108,0.5555555555555556,0.07599136430769365,2,17368249620.270313
short,NEW_SHORT,1268,0.6190851735015773,0.014320201879695566,62,-33430277561.122456
short,ORIGINAL_06,252,0.6468253968253969,0.0203330178227814,6,54274789442.795555
